city,city_ibge_code,date,epidemiological_week,estimated_population_2019,is_last,is_repeated,last_available_confirmed,last_available_confirmed_per_100k_inhabitants,last_available_date,last_available_death_rate,last_available_deaths,order_for_place,place_type,state,new_confirmed,new_deaths,lat,lon
Abaré,2900207.0,2020-07-01,27,20086.0,True,False,2,9.957180000000001,2020-07-01,0.0,0,48,city,BA,0,0,-8.72073,-39.1162
Abaíra,2900108.0,2020-07-01,27,8739.0,True,False,5,57.214780000000005,2020-07-01,0.0,0,80,city,BA,-2,0,-13.2488,-41.6619
Acajutiba,2900306.0,2020-07-01,27,15159.0,True,False,23,151.72505,2020-07-01,0.0435,1,71,city,BA,0,0,-11.6575,-38.0197
Adustina,2900355.0,2020-07-01,27,17040.0,True,False,27,158.4507,2020-07-01,0.037000000000000005,1,89,city,BA,2,0,-10.5437,-38.1113
Aiquara,2900603.0,2020-07-01,27,4446.0,True,False,10,224.92127999999997,2020-07-01,0.1,1,77,city,BA,0,0,-14.1269,-39.8937
Alagoinhas,2900702.0,2020-07-01,27,151596.0,True,False,477,314.6521,2020-07-01,0.0189,9,98,city,BA,31,1,-12.1335,-38.4208
Alcobaça,2900801.0,2020-07-01,27,22470.0,True,False,62,275.92345,2020-07-01,0.0161,1,33,city,BA,6,0,-17.5195,-39.2036
Almadina,2900900.0,2020-07-01,27,5464.0,True,False,19,347.7306,2020-07-01,0.0526,1,70,city,BA,2,0,-14.7089,-39.6415
Amargosa,2901007.0,2020-07-01,27,37241.0,True,False,43,115.46413999999999,2020-07-01,0.0233,1,53,city,BA,10,0,-13.0215,-39.602
Amélia Rodrigues,2901106.0,2020-07-01,27,25102.0,True,False,92,366.50466,2020-07-01,0.0,0,77,city,BA,7,0,-12.3914,-38.7563
América Dourada,2901155.0,2020-07-01,27,16094.0,True,False,20,124.26991000000001,2020-07-01,0.0,0,44,city,BA,4,0,-11.4429,-41.43899999999999
Anagé,2901205.0,2020-07-01,27,22005.0,True,False,10,45.44422,2020-07-01,0.1,1,49,city,BA,0,0,-14.6151,-41.1356
Andaraí,2901304.0,2020-07-01,27,13143.0,True,False,8,60.8689,2020-07-01,0.0,0,30,city,BA,0,0,-12.8049,-41.3297
Andorinha,2901353.0,2020-07-01,27,14595.0,True,False,5,34.258309999999994,2020-07-01,0.0,0,19,city,BA,0,0,-10.3482,-39.8391
Angical,2901403.0,2020-07-01,27,13977.0,True,False,1,7.154610000000001,2020-07-01,0.0,0,23,city,BA,0,0,-12.0063,-44.7003
Anguera,2901502.0,2020-07-01,27,11221.0,True,False,28,249.53213,2020-07-01,0.0,0,53,city,BA,0,0,-12.1462,-39.2462
Antas,2901601.0,2020-07-01,27,19291.0,True,False,5,25.91882,2020-07-01,0.0,0,32,city,BA,0,0,-10.3856,-38.3401
Antônio Cardoso,2901700.0,2020-07-01,27,11683.0,True,False,11,94.1539,2020-07-01,0.0,0,38,city,BA,0,0,-12.4335,-39.1176
Antônio Gonçalves,2901809.0,2020-07-01,27,11798.0,True,False,14,118.66418,2020-07-01,0.0,0,19,city,BA,2,0,-10.5767,-40.2785
Aporá,2901908.0,2020-07-01,27,17731.0,True,False,37,208.67407,2020-07-01,0.0541,2,42,city,BA,0,1,-11.6577,-38.0814
Apuarema,2901957.0,2020-07-01,27,7330.0,True,False,63,859.4815800000001,2020-07-01,0.0,0,42,city,BA,26,0,-13.8542,-39.7501
Aracatu,2902005.0,2020-07-01,27,13135.0,True,False,15,114.19871,2020-07-01,0.0,0,65,city,BA,0,0,-14.427999999999999,-41.4648
Araci,2902104.0,2020-07-01,27,54379.0,True,False,224,411.92372,2020-07-01,0.0045,1,85,city,BA,14,0,-11.3253,-38.9584
Aramari,2902203.0,2020-07-01,27,11397.0,True,False,7,61.419669999999996,2020-07-01,0.0,0,30,city,BA,1,0,-12.0884,-38.4969
Arataca,2902252.0,2020-07-01,27,11019.0,True,False,2,18.150470000000002,2020-07-01,0.0,0,64,city,BA,0,0,-15.2651,-39.419000000000004
Aratuípe,2902302.0,2020-07-01,27,8825.0,True,False,1,11.331439999999999,2020-07-01,1.0,1,35,city,BA,0,0,-13.0716,-39.0038
Araças,2902054.0,2020-07-01,27,12177.0,True,False,6,49.27322,2020-07-01,0.0,0,49,city,BA,1,0,-12.22,-38.2027
Aurelino Leal,2902401.0,2020-07-01,27,11531.0,True,False,91,789.177,2020-07-01,0.011000000000000001,1,85,city,BA,2,0,-14.321,-39.329
Baianópolis,2902500.0,2020-07-01,27,13877.0,True,False,3,21.61851,2020-07-01,0.0,0,37,city,BA,0,0,-12.3016,-44.5388
Baixa Grande,2902609.0,2020-07-01,27,20468.0,True,False,2,9.77135,2020-07-01,0.0,0,13,city,BA,0,0,-11.9519,-40.169000000000004
Banzaê,2902658.0,2020-07-01,27,13229.0,True,False,23,173.86046000000002,2020-07-01,0.0,0,48,city,BA,4,0,-10.5788,-38.6212
Barra,2902708.0,2020-07-01,27,53578.0,True,False,24,44.794509999999995,2020-07-01,0.0,0,93,city,BA,2,0,-11.0859,-43.1459
Barra da Estiva,2902807.0,2020-07-01,27,20598.0,True,False,2,9.70968,2020-07-01,0.0,0,25,city,BA,0,0,-13.6237,-41.3347
Barra do Choça,2902906.0,2020-07-01,27,31603.0,True,False,34,107.58471999999999,2020-07-01,0.0294,1,87,city,BA,2,0,-14.8654,-40.5791
Barra do Mendes,2903003.0,2020-07-01,27,13865.0,True,False,2,14.42481,2020-07-01,0.0,0,41,city,BA,0,0,-11.81,-42.059
Barra do Rocha,2903102.0,2020-07-01,27,5714.0,True,False,6,105.00525,2020-07-01,0.0,0,92,city,BA,0,0,-14.2,-39.5991
Barreiras,2903201.0,2020-07-01,27,155439.0,True,False,362,232.88879,2020-07-01,0.0138,5,102,city,BA,14,0,-12.1439,-44.9968
Barro Preto,2903300.0,2020-07-01,27,5591.0,True,False,32,572.34842,2020-07-01,0.0,0,74,city,BA,5,0,-14.7948,-39.476
Barrocas,2903276.0,2020-07-01,27,15978.0,True,False,36,225.3098,2020-07-01,0.0,0,53,city,BA,0,0,-11.5272,-39.0776
Belmonte,2903409.0,2020-07-01,27,23328.0,True,False,85,364.369,2020-07-01,0.0118,1,91,city,BA,1,0,-15.8608,-38.8758
Belo Campo,2903508.0,2020-07-01,27,17211.0,True,False,0,,2020-07-01,0.0,0,18,city,BA,0,0,-15.0334,-41.2652
Biritinga,2903607.0,2020-07-01,27,15979.0,True,False,1,6.25821,2020-07-01,0.0,0,39,city,BA,0,0,-11.6072,-38.8051
Boa Nova,2903706.0,2020-07-01,27,12633.0,True,False,1,7.915780000000001,2020-07-01,0.0,0,27,city,BA,0,0,-14.3598,-40.2064
Boa Vista do Tupim,2903805.0,2020-07-01,27,18576.0,True,False,6,32.29974,2020-07-01,0.0,0,56,city,BA,0,0,-12.6498,-40.6064
Bom Jesus da Lapa,2903904.0,2020-07-01,27,69148.0,True,False,64,92.5551,2020-07-01,0.0,0,79,city,BA,4,0,-13.2506,-43.4108
Bom Jesus da Serra,2903953.0,2020-07-01,27,9880.0,True,False,13,131.57895,2020-07-01,0.0,0,38,city,BA,2,0,-14.3663,-40.5126
Boninal,2904001.0,2020-07-01,27,14368.0,True,False,4,27.839640000000003,2020-07-01,0.0,0,27,city,BA,0,0,-12.7069,-41.8286
Bonito,2904050.0,2020-07-01,27,16764.0,True,False,0,,2020-07-01,0.0,0,28,city,BA,0,0,-11.9668,-41.2647
Boquira,2904100.0,2020-07-01,27,21508.0,True,False,14,65.09206,2020-07-01,0.0,0,50,city,BA,0,0,-12.8205,-42.7324
Botuporã,2904209.0,2020-07-01,27,10211.0,True,False,0,,2020-07-01,0.0,0,23,city,BA,0,0,-13.3772,-42.5163
Brejões,2904308.0,2020-07-01,27,14295.0,True,False,11,76.94998000000001,2020-07-01,0.0,0,22,city,BA,0,0,-13.1039,-39.7988
Brotas de Macaúbas,2904506.0,2020-07-01,27,10231.0,True,False,1,9.77422,2020-07-01,0.0,0,27,city,BA,0,0,-11.9915,-42.6326
Brumado,2904605.0,2020-07-01,27,67195.0,True,False,186,276.80631,2020-07-01,0.0161,3,101,city,BA,6,1,-14.2021,-41.6696
Buerarema,2904704.0,2020-07-01,27,18349.0,True,False,93,506.83960999999994,2020-07-01,0.0538,5,77,city,BA,2,0,-14.9595,-39.3028
Buritirama,2904753.0,2020-07-01,27,21174.0,True,False,30,141.6832,2020-07-01,0.0,0,34,city,BA,1,0,-10.7171,-43.6302
Caatiba,2904803.0,2020-07-01,27,6758.0,True,False,49,725.06659,2020-07-01,0.0,0,20,city,BA,6,0,-14.9699,-40.4092
Cabaceiras do Paraguaçu,2904852.0,2020-07-01,27,18807.0,True,False,15,79.75754,2020-07-01,0.0,0,48,city,BA,1,0,-12.5317,-39.1902
Cachoeira,2904902.0,2020-07-01,27,33470.0,True,False,81,242.00777000000002,2020-07-01,0.0123,1,89,city,BA,3,0,-12.5994,-38.9587
Caculé,2905008.0,2020-07-01,27,23170.0,True,False,2,8.63185,2020-07-01,0.5,1,34,city,BA,1,0,-14.5003,-42.2229
Caetanos,2905156.0,2020-07-01,27,14542.0,True,False,2,13.75327,2020-07-01,0.0,0,67,city,BA,0,0,-14.3347,-40.9175
Caetité,2905206.0,2020-07-01,27,50975.0,True,False,44,86.31681999999999,2020-07-01,0.0,0,44,city,BA,0,0,-14.0684,-42.4861
Cafarnaum,2905305.0,2020-07-01,27,18437.0,True,False,3,16.27163,2020-07-01,0.0,0,5,city,BA,0,0,-11.6914,-41.4688
Cairu,2905404.0,2020-07-01,27,18176.0,True,False,49,269.58627,2020-07-01,0.0204,1,51,city,BA,2,0,-13.4904,-39.0465
Caldeirão Grande,2905503.0,2020-07-01,27,13327.0,True,False,40,300.14257000000003,2020-07-01,0.025,1,68,city,BA,7,0,-11.0208,-40.2956
Camacan,2905602.0,2020-07-01,27,31988.0,True,False,315,984.7442800000001,2020-07-01,0.0222,7,83,city,BA,18,0,-15.4142,-39.4919
Camamu,2905800.0,2020-07-01,27,35316.0,True,False,91,257.67357999999996,2020-07-01,0.022000000000000002,2,67,city,BA,14,0,-13.9398,-39.1071
Camaçari,2905701.0,2020-07-01,27,299132.0,True,False,1449,484.40154,2020-07-01,0.0166,24,104,city,BA,63,1,-12.6996,-38.3263
Campo Alegre de Lourdes,2905909.0,2020-07-01,27,28798.0,True,False,37,128.48113999999998,2020-07-01,0.027000000000000003,1,70,city,BA,2,0,-9.522210000000001,-43.0126
Campo Formoso,2906006.0,2020-07-01,27,71206.0,True,False,96,134.8201,2020-07-01,0.0,0,87,city,BA,6,0,-10.5105,-40.32
Canarana,2906204.0,2020-07-01,27,26176.0,True,False,24,91.68704,2020-07-01,0.0,0,99,city,BA,2,0,-11.6858,-41.7677
Canavieiras,2906303.0,2020-07-01,27,31099.0,True,False,34,109.32826999999999,2020-07-01,0.0588,2,80,city,BA,0,0,-15.6722,-38.9536
Candeal,2906402.0,2020-07-01,27,8258.0,True,False,18,217.97045,2020-07-01,0.0,0,30,city,BA,0,0,-11.8049,-39.1203
Candeias,2906501.0,2020-07-01,27,87076.0,True,False,674,774.03647,2020-07-01,0.0267,18,93,city,BA,16,1,-12.6716,-38.5472
Candiba,2906600.0,2020-07-01,27,14319.0,True,False,12,83.80473,2020-07-01,0.0,0,33,city,BA,0,0,-14.4097,-42.8667
Cansanção,2906808.0,2020-07-01,27,34834.0,True,False,37,106.21806000000001,2020-07-01,0.0541,2,83,city,BA,1,0,-10.6647,-39.4944
Canudos,2906824.0,2020-07-01,27,16668.0,True,False,15,89.9928,2020-07-01,0.0667,1,34,city,BA,1,0,-9.900139999999999,-39.1471
Capela do Alto Alegre,2906857.0,2020-07-01,27,11637.0,True,False,14,120.30592,2020-07-01,0.0,0,53,city,BA,0,0,-11.6658,-39.8349
Capim Grosso,2906873.0,2020-07-01,27,30662.0,True,False,107,348.96615,2020-07-01,0.027999999999999997,3,82,city,BA,13,0,-11.3797,-40.0089
Caravelas,2906907.0,2020-07-01,27,22016.0,True,False,48,218.02326000000002,2020-07-01,0.0,0,29,city,BA,9,0,-17.7268,-39.2597
Caraíbas,2906899.0,2020-07-01,27,8951.0,True,False,6,67.03161999999999,2020-07-01,0.0,0,37,city,BA,3,0,-14.7177,-41.2603
Cardeal da Silva,2907004.0,2020-07-01,27,9295.0,True,False,7,75.30931,2020-07-01,0.0,0,45,city,BA,0,0,-11.9472,-37.9469
Carinhanha,2907103.0,2020-07-01,27,29018.0,True,False,2,6.89227,2020-07-01,0.0,0,27,city,BA,0,0,-14.2985,-43.7724
Casa Nova,2907202.0,2020-07-01,27,71969.0,True,False,110,152.84358999999998,2020-07-01,0.0273,3,34,city,BA,19,0,-9.16408,-40.974
Castro Alves,2907301.0,2020-07-01,27,26264.0,True,False,62,236.06457999999998,2020-07-01,0.0161,1,75,city,BA,2,0,-12.7579,-39.4248
Catolândia,2907400.0,2020-07-01,27,3577.0,True,False,1,27.956390000000003,2020-07-01,0.0,0,19,city,BA,0,0,-12.31,-44.8648
Catu,2907509.0,2020-07-01,27,54704.0,True,False,302,552.06201,2020-07-01,0.0066,2,93,city,BA,12,0,-12.3513,-38.3791
Caém,2905107.0,2020-07-01,27,9213.0,True,False,66,716.37903,2020-07-01,0.0,0,45,city,BA,6,0,-11.0677,-40.431999999999995
Central,2907608.0,2020-07-01,27,17266.0,True,False,0,,2020-07-01,0.0,0,33,city,BA,0,0,-11.1376,-42.1116
Chorrochó,2907707.0,2020-07-01,27,11177.0,True,False,1,8.94694,2020-07-01,0.0,0,27,city,BA,0,0,-8.9695,-39.0979
Cipó,2907905.0,2020-07-01,27,17300.0,True,False,19,109.82659,2020-07-01,0.0,0,39,city,BA,0,0,-11.1032,-38.5179
Coaraci,2908002.0,2020-07-01,27,16993.0,True,False,72,423.70387999999997,2020-07-01,0.0417,3,93,city,BA,4,0,-14.637,-39.5556
Cocos,2908101.0,2020-07-01,27,18777.0,True,False,7,37.27965,2020-07-01,0.0,0,44,city,BA,0,0,-14.1814,-44.5352
Conceição da Feira,2908200.0,2020-07-01,27,22581.0,True,False,96,425.13617999999997,2020-07-01,0.0104,1,49,city,BA,1,0,-12.5078,-38.9978
Conceição do Almeida,2908309.0,2020-07-01,27,17247.0,True,False,37,214.53006000000002,2020-07-01,0.0,0,48,city,BA,3,0,-12.7836,-39.1715
Conceição do Coité,2908408.0,2020-07-01,27,66612.0,True,False,190,285.23389,2020-07-01,0.0,0,85,city,BA,13,0,-11.56,-39.2808
Conceição do Jacuípe,2908507.0,2020-07-01,27,33153.0,True,False,161,485.62724000000003,2020-07-01,0.0,0,102,city,BA,3,0,-12.3268,-38.7684
Conde,2908606.0,2020-07-01,27,25837.0,True,False,40,154.81673999999998,2020-07-01,0.1,4,100,city,BA,3,0,-11.8179,-37.6131
Condeúba,2908705.0,2020-07-01,27,17247.0,True,False,26,150.75086000000002,2020-07-01,0.0,0,44,city,BA,2,0,-14.9022,-41.9718
Coração de Maria,2908903.0,2020-07-01,27,22605.0,True,False,54,238.8852,2020-07-01,0.0,0,75,city,BA,5,0,-12.2333,-38.7487
Cordeiros,2909000.0,2020-07-01,27,8614.0,True,False,1,11.609010000000001,2020-07-01,0.0,0,22,city,BA,0,0,-15.0356,-41.9308
Coribe,2909109.0,2020-07-01,27,14194.0,True,False,2,14.09046,2020-07-01,0.0,0,6,city,BA,-1,0,-13.8232,-44.4586
Coronel João Sá,2909208.0,2020-07-01,27,15895.0,True,False,14,88.07800999999999,2020-07-01,0.0,0,36,city,BA,0,0,-10.2847,-37.9198
Correntina,2909307.0,2020-07-01,27,32137.0,True,False,5,15.55839,2020-07-01,0.0,0,30,city,BA,0,0,-13.3477,-44.6333
Cotegipe,2909406.0,2020-07-01,27,13782.0,True,False,1,7.255839999999999,2020-07-01,0.0,0,2,city,BA,0,0,-12.0228,-44.2566
Cravolândia,2909505.0,2020-07-01,27,5349.0,True,False,4,74.78033,2020-07-01,0.0,0,72,city,BA,-1,0,-13.3531,-39.8031
Cristópolis,2909703.0,2020-07-01,27,13910.0,True,False,27,194.10496,2020-07-01,0.0,0,48,city,BA,2,0,-12.2249,-44.4214
Crisópolis,2909604.0,2020-07-01,27,21103.0,True,False,11,52.12529,2020-07-01,0.0,0,37,city,BA,3,0,-11.5059,-38.1515
Cruz das Almas,2909802.0,2020-07-01,27,63239.0,True,False,101,159.71157,2020-07-01,0.0198,2,69,city,BA,12,0,-12.6675,-39.1008
Curaçá,2909901.0,2020-07-01,27,34700.0,True,False,68,195.96542,2020-07-01,0.0,0,77,city,BA,2,0,-8.984580000000001,-39.8997
Cândido Sales,2906709.0,2020-07-01,27,25189.0,True,False,102,404.93866,2020-07-01,0.0294,3,40,city,BA,15,0,-15.4993,-41.2414
Cícero Dantas,2907806.0,2020-07-01,27,32515.0,True,False,34,104.56711999999999,2020-07-01,0.0294,1,35,city,BA,1,0,-10.5897,-38.3794
Dias d'Ávila,2910057.0,2020-07-01,27,81089.0,True,False,420,517.94941,2020-07-01,0.0262,11,94,city,BA,22,2,-12.6187,-38.2926
Dom Basílio,2910107.0,2020-07-01,27,12199.0,True,False,6,49.18436,2020-07-01,0.0,0,53,city,BA,1,0,-13.7565,-41.7677
Dom Macedo Costa,2910206.0,2020-07-01,27,4058.0,True,False,8,197.14145,2020-07-01,0.0,0,23,city,BA,1,0,-12.9016,-39.1923
Dário Meira,2910008.0,2020-07-01,27,10710.0,True,False,24,224.08964,2020-07-01,0.0417,1,65,city,BA,2,0,-14.4229,-39.9031
Elísio Medrado,2910305.0,2020-07-01,27,8122.0,True,False,2,24.62448,2020-07-01,0.0,0,6,city,BA,0,0,-12.9417,-39.5191
Encruzilhada,2910404.0,2020-07-01,27,17006.0,True,False,56,329.29554,2020-07-01,0.0,0,51,city,BA,0,0,-15.5302,-40.9124
Entre Rios,2910503.0,2020-07-01,27,41780.0,True,False,74,177.11824,2020-07-01,0.0,0,51,city,BA,1,0,-11.9392,-38.0871
Esplanada,2910602.0,2020-07-01,27,37237.0,True,False,42,112.79104,2020-07-01,0.0,0,40,city,BA,4,0,-11.7942,-37.9432
Euclides da Cunha,2910701.0,2020-07-01,27,60585.0,True,False,29,47.86663,2020-07-01,0.0345,1,85,city,BA,4,0,-10.5078,-39.0153
Eunápolis,2910727.0,2020-07-01,27,113380.0,True,False,653,575.9393200000001,2020-07-01,0.0184,12,78,city,BA,41,2,-16.3715,-39.5821
Feira da Mata,2910776.0,2020-07-01,27,5665.0,True,False,4,70.609,2020-07-01,0.0,0,5,city,BA,0,0,-14.2044,-44.2744
Feira de Santana,2910800.0,2020-07-01,27,614872.0,True,False,3289,534.9080799999999,2020-07-01,0.0149,49,118,city,BA,93,1,-12.2664,-38.9663
Filadélfia,2910859.0,2020-07-01,27,16377.0,True,False,87,531.23283,2020-07-01,0.023,2,32,city,BA,13,0,-10.7405,-40.1437
Firmino Alves,2910909.0,2020-07-01,27,5617.0,True,False,3,53.409290000000006,2020-07-01,0.0,0,29,city,BA,0,0,-14.9823,-39.9269
Floresta Azul,2911006.0,2020-07-01,27,10629.0,True,False,58,545.67692,2020-07-01,0.0,0,79,city,BA,0,0,-14.8629,-39.6579
Formosa do Rio Preto,2911105.0,2020-07-01,27,25591.0,True,False,15,58.61436,2020-07-01,0.0,0,28,city,BA,3,0,-11.0328,-45.193000000000005
Fátima,2910750.0,2020-07-01,27,17890.0,True,False,16,89.43544,2020-07-01,0.0,0,36,city,BA,0,0,-10.616,-38.2239
Gandu,2911204.0,2020-07-01,27,32403.0,True,False,563,1737.49344,2020-07-01,0.0178,10,89,city,BA,64,0,-13.7441,-39.4747
Gentio do Ouro,2911303.0,2020-07-01,27,11233.0,True,False,18,160.24213999999998,2020-07-01,0.0,0,22,city,BA,0,0,-11.4342,-42.5077
Glória,2911402.0,2020-07-01,27,15221.0,True,False,19,124.82753999999998,2020-07-01,0.0526,1,39,city,BA,0,0,-9.34382,-38.2544
Gongogi,2911501.0,2020-07-01,27,7128.0,True,False,19,266.55442999999997,2020-07-01,0.1053,2,85,city,BA,0,0,-14.3195,-39.469
Governador Mangabeira,2911600.0,2020-07-01,27,20722.0,True,False,22,106.16736000000002,2020-07-01,0.0455,1,61,city,BA,3,0,-12.5994,-39.0412
Guajeru,2911659.0,2020-07-01,27,6937.0,True,False,2,28.83091,2020-07-01,0.0,0,23,city,BA,0,0,-14.5467,-41.9381
Guanambi,2911709.0,2020-07-01,27,84481.0,True,False,84,99.43064,2020-07-01,0.0,0,75,city,BA,2,0,-14.2231,-42.7799
Guaratinga,2911808.0,2020-07-01,27,20843.0,True,False,49,235.09092,2020-07-01,0.0408,2,63,city,BA,2,0,-16.5833,-39.7847
Heliópolis,2911857.0,2020-07-01,27,13031.0,True,False,8,61.39207,2020-07-01,0.0,0,5,city,BA,2,0,-10.6825,-38.2907
Iaçu,2911907.0,2020-07-01,27,24305.0,True,False,42,172.80395,2020-07-01,0.0952,4,48,city,BA,2,0,-12.7666,-40.2056
Ibiassucê,2912004.0,2020-07-01,27,9224.0,True,False,1,10.841280000000001,2020-07-01,0.0,0,5,city,BA,0,0,-14.2711,-42.257
Ibicaraí,2912103.0,2020-07-01,27,21689.0,True,False,132,608.6034400000001,2020-07-01,0.0076,1,71,city,BA,2,0,-14.8579,-39.5914
Ibicoara,2912202.0,2020-07-01,27,19571.0,True,False,1,5.1096,2020-07-01,0.0,0,7,city,BA,0,0,-13.4059,-41.284
Ibicuí,2912301.0,2020-07-01,27,16198.0,True,False,32,197.55525,2020-07-01,0.0,0,28,city,BA,3,0,-14.845,-39.9879
Ibipeba,2912400.0,2020-07-01,27,18211.0,True,False,5,27.45593,2020-07-01,0.0,0,33,city,BA,0,0,-11.6438,-42.0195
Ibipitanga,2912509.0,2020-07-01,27,14902.0,True,False,7,46.97356,2020-07-01,0.0,0,28,city,BA,0,0,-12.8804,-42.4856
Ibiquera,2912608.0,2020-07-01,27,4044.0,True,False,0,,2020-07-01,0.0,0,5,city,BA,0,0,-12.6444,-40.9338
Ibirapitanga,2912707.0,2020-07-01,27,23375.0,True,False,88,376.47059,2020-07-01,0.0114,1,61,city,BA,8,0,-14.1649,-39.3787
Ibirapuã,2912806.0,2020-07-01,27,8637.0,True,False,55,636.79518,2020-07-01,0.0182,1,40,city,BA,0,0,-17.6832,-40.1129
Ibirataia,2912905.0,2020-07-01,27,15312.0,True,False,61,398.38036,2020-07-01,0.0328,2,88,city,BA,0,0,-14.0643,-39.6459
Ibitiara,2913002.0,2020-07-01,27,16339.0,True,False,8,48.9626,2020-07-01,0.125,1,48,city,BA,1,0,-12.6502,-42.2179
Ibotirama,2913200.0,2020-07-01,27,26927.0,True,False,26,96.55736,2020-07-01,0.0,0,87,city,BA,1,0,-12.1779,-43.2167
Ichu,2913309.0,2020-07-01,27,6206.0,True,False,2,32.22688,2020-07-01,0.0,0,5,city,BA,0,0,-11.7431,-39.1905
Igaporã,2913408.0,2020-07-01,27,15640.0,True,False,1,6.39386,2020-07-01,0.0,0,2,city,BA,0,0,-13.774000000000001,-42.7155
Igrapiúna,2913457.0,2020-07-01,27,13226.0,True,False,47,355.36065,2020-07-01,0.0213,1,48,city,BA,14,0,-13.8295,-39.1361
Iguaí,2913507.0,2020-07-01,27,26916.0,True,False,205,761.62877,2020-07-01,0.0049,1,35,city,BA,10,0,-14.7528,-40.0894
Ilhéus,2913606.0,2020-07-01,27,162327.0,True,False,1335,822.41402,2020-07-01,0.0345,46,99,city,BA,68,1,-14.793,-39.046
Importados/Indefinidos,,2020-07-01,27,,True,False,3597,,2020-07-01,0.0017,6,100,city,BA,28,0,,
Inhambupe,2913705.0,2020-07-01,27,39926.0,True,False,17,42.57877,2020-07-01,0.0588,1,48,city,BA,0,1,-11.780999999999999,-38.355
Ipecaetá,2913804.0,2020-07-01,27,14487.0,True,False,6,41.41644,2020-07-01,0.0,0,48,city,BA,1,0,-12.3028,-39.3069
Ipiaú,2913903.0,2020-07-01,27,45873.0,True,False,705,1536.85174,2020-07-01,0.0142,10,97,city,BA,12,0,-14.1226,-39.7353
Ipirá,2914000.0,2020-07-01,27,59595.0,True,False,74,124.17148999999999,2020-07-01,0.027000000000000003,2,73,city,BA,1,0,-12.1561,-39.7359
Iramaia,2914307.0,2020-07-01,27,8537.0,True,False,2,23.427429999999998,2020-07-01,0.0,0,27,city,BA,0,0,-13.2902,-40.9595
Iraquara,2914406.0,2020-07-01,27,25216.0,True,False,49,194.32107,2020-07-01,0.0,0,9,city,BA,21,0,-12.2429,-41.6155
Irará,2914505.0,2020-07-01,27,29034.0,True,False,26,89.55018000000001,2020-07-01,0.0,0,52,city,BA,-2,0,-12.0504,-38.7631
Irecê,2914604.0,2020-07-01,27,72967.0,True,False,104,142.53018,2020-07-01,0.0096,1,78,city,BA,17,0,-11.3033,-41.8535
Itabela,2914653.0,2020-07-01,27,30584.0,True,False,79,258.305,2020-07-01,0.0127,1,73,city,BA,1,0,-16.5732,-39.5593
Itaberaba,2914703.0,2020-07-01,27,64489.0,True,False,264,409.37214,2020-07-01,0.0341,9,73,city,BA,17,0,-12.5242,-40.3059
Itabuna,2914802.0,2020-07-01,27,213223.0,True,False,2637,1236.73337,2020-07-01,0.022000000000000002,58,105,city,BA,57,2,-14.7876,-39.2781
Itacaré,2914901.0,2020-07-01,27,28296.0,True,False,120,424.08820999999995,2020-07-01,0.025,3,68,city,BA,0,0,-14.2784,-38.9959
Itaeté,2915007.0,2020-07-01,27,16056.0,True,False,47,292.72546,2020-07-01,0.0,0,41,city,BA,0,0,-12.9831,-40.9677
Itagi,2915106.0,2020-07-01,27,12351.0,True,False,11,89.06161,2020-07-01,0.0,0,85,city,BA,0,0,-14.1615,-40.0131
Itagibá,2915205.0,2020-07-01,27,14579.0,True,False,67,459.56512999999995,2020-07-01,0.0448,3,96,city,BA,1,0,-14.2782,-39.8449
Itagimirim,2915304.0,2020-07-01,27,6869.0,True,False,5,72.7908,2020-07-01,0.0,0,3,city,BA,0,0,-16.0819,-39.6133
Itaguaçu da Bahia,2915353.0,2020-07-01,27,14429.0,True,False,1,6.93049,2020-07-01,0.0,0,44,city,BA,1,0,-11.0147,-42.3997
Itaju do Colônia,2915403.0,2020-07-01,27,6682.0,True,False,19,284.346,2020-07-01,0.0,0,9,city,BA,2,0,-15.1366,-39.7283
Itajuípe,2915502.0,2020-07-01,27,20491.0,True,False,396,1932.5557600000002,2020-07-01,0.0076,3,93,city,BA,7,0,-14.6788,-39.3698
Itamaraju,2915601.0,2020-07-01,27,64486.0,True,False,540,837.3910599999999,2020-07-01,0.0167,9,95,city,BA,35,0,-17.0378,-39.5386
Itamari,2915700.0,2020-07-01,27,8035.0,True,False,2,24.8911,2020-07-01,0.0,0,73,city,BA,0,0,-13.7782,-39.683
Itambé,2915809.0,2020-07-01,27,23049.0,True,False,12,52.063,2020-07-01,0.0,0,18,city,BA,0,0,-15.2429,-40.63
Itanagra,2915908.0,2020-07-01,27,6441.0,True,False,8,124.20432,2020-07-01,0.25,2,42,city,BA,0,0,-12.2614,-38.0436
Itanhém,2916005.0,2020-07-01,27,19405.0,True,False,105,541.09766,2020-07-01,0.0095,1,40,city,BA,3,0,-17.1642,-40.3321
Itaparica,2916104.0,2020-07-01,27,22228.0,True,False,79,355.40758999999997,2020-07-01,0.038,3,67,city,BA,3,0,-12.8932,-38.68
Itapebi,2916302.0,2020-07-01,27,10259.0,True,False,71,692.07525,2020-07-01,0.0141,1,84,city,BA,1,1,-15.9551,-39.5329
Itapetinga,2916401.0,2020-07-01,27,76147.0,True,False,162,212.7464,2020-07-01,0.0309,5,89,city,BA,9,0,-15.2475,-40.2482
Itapicuru,2916500.0,2020-07-01,27,35576.0,True,False,65,182.70744,2020-07-01,0.0,0,53,city,BA,1,0,-11.3088,-38.2262
Itapitanga,2916609.0,2020-07-01,27,10313.0,True,False,16,155.14399,2020-07-01,0.0625,1,54,city,BA,3,0,-14.4139,-39.5657
Itapé,2916203.0,2020-07-01,27,8761.0,True,False,33,376.66933,2020-07-01,0.0606,2,80,city,BA,3,0,-14.8876,-39.4239
Itaquara,2916708.0,2020-07-01,27,8319.0,True,False,4,48.0827,2020-07-01,0.0,0,34,city,BA,2,0,-13.4459,-39.9378
Itarantim,2916807.0,2020-07-01,27,19747.0,True,False,29,146.85775,2020-07-01,0.0345,1,88,city,BA,5,0,-15.6528,-40.065
Itatim,2916856.0,2020-07-01,27,14487.0,True,False,36,248.49865,2020-07-01,0.0556,2,85,city,BA,0,0,-12.7099,-39.6952
Itiruçu,2916906.0,2020-07-01,27,12576.0,True,False,3,23.854960000000002,2020-07-01,0.0,0,23,city,BA,1,0,-13.529000000000002,-40.1472
Itiúba,2917003.0,2020-07-01,27,36089.0,True,False,7,19.39649,2020-07-01,0.1429,1,45,city,BA,1,0,-10.6948,-39.8446
Itororó,2917102.0,2020-07-01,27,20382.0,True,False,28,137.37612,2020-07-01,0.0357,1,95,city,BA,3,0,-15.11,-40.0684
Ituaçu,2917201.0,2020-07-01,27,18962.0,True,False,1,5.2737099999999995,2020-07-01,1.0,1,32,city,BA,0,0,-13.8107,-41.3003
Ituberá,2917300.0,2020-07-01,27,28602.0,True,False,125,437.03238,2020-07-01,0.032,4,84,city,BA,12,0,-13.7249,-39.1481
Iuiú,2917334.0,2020-07-01,27,10994.0,True,False,1,9.09587,2020-07-01,0.0,0,26,city,BA,0,0,-14.4054,-43.5595
Jaborandi,2917359.0,2020-07-01,27,8385.0,True,False,1,11.926060000000001,2020-07-01,0.0,0,40,city,BA,0,0,-13.6071,-44.4255
Jacaraci,2917409.0,2020-07-01,27,14842.0,True,False,1,6.73764,2020-07-01,0.0,0,42,city,BA,0,0,-14.8541,-42.4329
Jacobina,2917508.0,2020-07-01,27,80518.0,True,False,110,136.61542,2020-07-01,0.0091,1,57,city,BA,8,0,-11.1812,-40.5117
Jaguaquara,2917607.0,2020-07-01,27,54423.0,True,False,216,396.89102,2020-07-01,0.0,0,83,city,BA,25,0,-13.5248,-39.964
Jaguarari,2917706.0,2020-07-01,27,33570.0,True,False,65,193.62526,2020-07-01,0.0,0,65,city,BA,1,0,-10.2569,-40.1999
Jaguaripe,2917805.0,2020-07-01,27,18788.0,True,False,27,143.70875,2020-07-01,0.037000000000000005,1,43,city,BA,2,0,-13.1109,-38.8939
Jandaíra,2917904.0,2020-07-01,27,10709.0,True,False,65,606.9661,2020-07-01,0.0154,1,30,city,BA,0,0,-11.5616,-37.7853
Jequié,2918001.0,2020-07-01,27,155966.0,True,False,958,614.23644,2020-07-01,0.0303,29,101,city,BA,40,0,-13.8509,-40.0877
Jeremoabo,2918100.0,2020-07-01,27,40463.0,True,False,11,27.18533,2020-07-01,0.0,0,23,city,BA,2,0,-10.0685,-38.3471
Jiquiriçá,2918209.0,2020-07-01,27,14537.0,True,False,2,13.758,2020-07-01,0.0,0,39,city,BA,0,0,-13.2621,-39.5737
Jitaúna,2918308.0,2020-07-01,27,11166.0,True,False,33,295.54003,2020-07-01,0.0606,2,57,city,BA,0,0,-14.0131,-39.8969
João Dourado,2918357.0,2020-07-01,27,25188.0,True,False,94,373.19358,2020-07-01,0.0106,1,35,city,BA,6,0,-11.3486,-41.6548
Juazeiro,2918407.0,2020-07-01,27,216707.0,True,False,721,332.7073,2020-07-01,0.0291,21,101,city,BA,100,2,-9.41622,-40.5033
Jucuruçu,2918456.0,2020-07-01,27,9126.0,True,False,3,32.87311,2020-07-01,0.0,0,4,city,BA,2,0,-16.8488,-40.1641
Jussara,2918506.0,2020-07-01,27,15284.0,True,False,1,6.54279,2020-07-01,0.0,0,28,city,BA,0,0,-11.0431,-41.9702
Jussari,2918555.0,2020-07-01,27,5833.0,True,False,7,120.00686,2020-07-01,0.0,0,62,city,BA,0,0,-15.192,-39.491
Jussiape,2918605.0,2020-07-01,27,6186.0,True,False,2,32.331070000000004,2020-07-01,0.0,0,60,city,BA,0,0,-13.5155,-41.5882
Lafaiete Coutinho,2918704.0,2020-07-01,27,3724.0,True,False,7,187.96992,2020-07-01,0.1429,1,51,city,BA,0,0,-13.6541,-40.2119
Laje,2918803.0,2020-07-01,27,23840.0,True,False,16,67.11409,2020-07-01,0.0,0,68,city,BA,0,0,-13.1673,-39.4213
Lajedo do Tabocal,2919058.0,2020-07-01,27,8562.0,True,False,11,128.47466,2020-07-01,0.0,0,67,city,BA,3,0,-13.4663,-40.2204
Lajedão,2918902.0,2020-07-01,27,3955.0,True,False,8,202.2756,2020-07-01,0.0,0,40,city,BA,0,0,-17.6056,-40.3383
Lamarão,2919108.0,2020-07-01,27,8307.0,True,False,22,264.83688,2020-07-01,0.0,0,40,city,BA,0,0,-11.773,-38.887
Lapão,2919157.0,2020-07-01,27,27223.0,True,False,33,121.22103,2020-07-01,0.0,0,43,city,BA,6,0,-11.3851,-41.8286
Lauro de Freitas,2919207.0,2020-07-01,27,198440.0,True,False,2360,1189.27636,2020-07-01,0.0148,35,105,city,BA,130,2,-12.8978,-38.321
Lençóis,2919306.0,2020-07-01,27,11409.0,True,False,0,,2020-07-01,0.0,0,5,city,BA,0,0,-12.5616,-41.3928
Licínio de Almeida,2919405.0,2020-07-01,27,12388.0,True,False,11,88.79561,2020-07-01,0.0,0,70,city,BA,0,0,-14.6842,-42.5095
Livramento de Nossa Senhora,2919504.0,2020-07-01,27,45732.0,True,False,16,34.98644,2020-07-01,0.0,0,68,city,BA,0,0,-13.6369,-41.8432
Luís Eduardo Magalhães,2919553.0,2020-07-01,27,87519.0,True,False,259,295.93574,2020-07-01,0.0116,3,82,city,BA,15,0,-12.0956,-45.7866
Macajuba,2919603.0,2020-07-01,27,11348.0,True,False,9,79.30913000000001,2020-07-01,0.0,0,16,city,BA,0,0,-12.1326,-40.3571
Macarani,2919702.0,2020-07-01,27,18755.0,True,False,24,127.96588,2020-07-01,0.0417,1,37,city,BA,0,0,-15.5646,-40.4209
Macaúbas,2919801.0,2020-07-01,27,49826.0,True,False,4,8.02794,2020-07-01,0.0,0,32,city,BA,0,0,-13.0186,-42.6945
Macururé,2919900.0,2020-07-01,27,7824.0,True,False,18,230.06135,2020-07-01,0.0,0,5,city,BA,2,0,-9.16226,-39.0518
Madre de Deus,2919926.0,2020-07-01,27,21093.0,True,False,220,1043.00005,2020-07-01,0.0091,2,58,city,BA,7,0,-12.7446,-38.6153
Maetinga,2919959.0,2020-07-01,27,3161.0,True,False,1,31.635559999999998,2020-07-01,0.0,0,30,city,BA,0,0,-14.6623,-41.4915
Maiquinique,2920007.0,2020-07-01,27,10112.0,True,False,16,158.22785,2020-07-01,0.0,0,35,city,BA,4,0,-15.624,-40.2587
Mairi,2920106.0,2020-07-01,27,18676.0,True,False,64,342.6858,2020-07-01,0.0,0,42,city,BA,7,0,-11.7107,-40.1437
Malhada,2920205.0,2020-07-01,27,16845.0,True,False,2,11.87296,2020-07-01,0.0,0,26,city,BA,0,0,-14.3371,-43.7686
Malhada de Pedras,2920304.0,2020-07-01,27,8393.0,True,False,2,23.82938,2020-07-01,0.0,0,31,city,BA,0,0,-14.3847,-41.8842
Manoel Vitorino,2920403.0,2020-07-01,27,13240.0,True,False,43,324.77341,2020-07-01,0.0233,1,53,city,BA,5,0,-14.1476,-40.2399
Mansidão,2920452.0,2020-07-01,27,13643.0,True,False,37,271.20135,2020-07-01,0.0,0,33,city,BA,0,0,-10.7227,-44.0428
Maracás,2920502.0,2020-07-01,27,20834.0,True,False,32,153.59508,2020-07-01,0.0312,1,64,city,BA,1,0,-13.4355,-40.4323
Maragogipe,2920601.0,2020-07-01,27,44677.0,True,False,96,214.87566,2020-07-01,0.0312,3,69,city,BA,2,0,-12.776,-38.9175
Maraú,2920700.0,2020-07-01,27,20570.0,True,False,35,170.1507,2020-07-01,0.0571,2,64,city,BA,1,0,-14.1035,-39.0137
Marcionílio Souza,2920809.0,2020-07-01,27,10406.0,True,False,7,67.26888000000001,2020-07-01,0.0,0,38,city,BA,0,0,-13.0064,-40.5295
Mascote,2920908.0,2020-07-01,27,13822.0,True,False,11,79.58327,2020-07-01,0.0,0,40,city,BA,2,0,-15.5542,-39.3016
Mata de São João,2921005.0,2020-07-01,27,46583.0,True,False,163,349.91306000000003,2020-07-01,0.0061,1,65,city,BA,2,0,-12.5307,-38.3009
Matina,2921054.0,2020-07-01,27,12201.0,True,False,0,,2020-07-01,0.0,0,29,city,BA,0,0,-13.9109,-42.8439
Medeiros Neto,2921104.0,2020-07-01,27,22688.0,True,False,101,445.16925,2020-07-01,0.0099,1,93,city,BA,7,0,-17.3707,-40.2238
Miguel Calmon,2921203.0,2020-07-01,27,26023.0,True,False,18,69.16958000000001,2020-07-01,0.0556,1,48,city,BA,0,0,-11.4299,-40.6031
Milagres,2921302.0,2020-07-01,27,10950.0,True,False,54,493.15067999999997,2020-07-01,0.0185,1,33,city,BA,0,0,-12.8646,-39.8611
Mirangaba,2921401.0,2020-07-01,27,18338.0,True,False,5,27.265790000000003,2020-07-01,0.0,0,48,city,BA,0,0,-10.960999999999999,-40.574
Mirante,2921450.0,2020-07-01,27,8641.0,True,False,7,81.00914,2020-07-01,0.1429,1,75,city,BA,0,0,-14.2385,-40.7718
Monte Santo,2921500.0,2020-07-01,27,49418.0,True,False,71,143.67235,2020-07-01,0.0282,2,47,city,BA,2,1,-10.4374,-39.3321
Morpará,2921609.0,2020-07-01,27,8519.0,True,False,12,140.8616,2020-07-01,0.0833,1,73,city,BA,0,0,-11.5569,-43.2766
Morro do Chapéu,2921708.0,2020-07-01,27,35413.0,True,False,10,28.238220000000002,2020-07-01,0.0,0,50,city,BA,1,0,-11.5488,-41.1565
Mortugaba,2921807.0,2020-07-01,27,12042.0,True,False,10,83.04268,2020-07-01,0.0,0,26,city,BA,0,0,-15.0225,-42.3727
Mucugê,2921906.0,2020-07-01,27,9062.0,True,False,11,121.38601000000001,2020-07-01,0.0,0,73,city,BA,0,0,-13.0053,-41.3703
Mucuri,2922003.0,2020-07-01,27,41748.0,True,False,159,380.85657000000003,2020-07-01,0.0126,2,49,city,BA,10,0,-18.0754,-39.5565
Mulungu do Morro,2922052.0,2020-07-01,27,10889.0,True,False,8,73.46864000000001,2020-07-01,0.125,1,32,city,BA,1,0,-11.9648,-41.6374
Mundo Novo,2922102.0,2020-07-01,27,26776.0,True,False,1,3.73469,2020-07-01,1.0,1,49,city,BA,0,0,-11.8541,-40.4714
Muniz Ferreira,2922201.0,2020-07-01,27,7422.0,True,False,11,148.20803,2020-07-01,0.0,0,34,city,BA,1,0,-13.0092,-39.1092
Muquém de São Francisco,2922250.0,2020-07-01,27,11348.0,True,False,23,202.67889,2020-07-01,0.0,0,26,city,BA,3,0,-12.065,-43.5497
Muritiba,2922300.0,2020-07-01,27,29399.0,True,False,75,255.11072000000001,2020-07-01,0.0133,1,49,city,BA,5,0,-12.6329,-38.9921
Mutuípe,2922409.0,2020-07-01,27,22221.0,True,False,27,121.50668,2020-07-01,0.0,0,45,city,BA,0,0,-13.2284,-39.5044
Nazaré,2922508.0,2020-07-01,27,28525.0,True,False,44,154.25066,2020-07-01,0.0,0,60,city,BA,5,0,-13.0235,-39.0108
Nilo Peçanha,2922607.0,2020-07-01,27,13997.0,True,False,30,214.33164,2020-07-01,0.0333,1,68,city,BA,4,0,-13.604000000000001,-39.1091
Nordestina,2922656.0,2020-07-01,27,13130.0,True,False,55,418.88804,2020-07-01,0.0,0,61,city,BA,2,0,-10.8192,-39.4297
Nova Canaã,2922706.0,2020-07-01,27,16462.0,True,False,22,133.64111,2020-07-01,0.0,0,26,city,BA,9,0,-14.7912,-40.1458
Nova Fátima,2922730.0,2020-07-01,27,7812.0,True,False,5,64.0041,2020-07-01,0.2,1,39,city,BA,0,0,-11.6031,-39.6302
Nova Ibiá,2922755.0,2020-07-01,27,6591.0,True,False,38,576.54377,2020-07-01,0.0526,2,48,city,BA,8,0,-13.812000000000001,-39.6182
Nova Itarana,2922805.0,2020-07-01,27,8226.0,True,False,2,24.31315,2020-07-01,0.0,0,6,city,BA,1,0,-13.0241,-40.0653
Nova Redenção,2922854.0,2020-07-01,27,9118.0,True,False,3,32.90195,2020-07-01,0.0,0,18,city,BA,0,0,-12.815,-41.0748
Nova Soure,2922904.0,2020-07-01,27,26947.0,True,False,72,267.19115,2020-07-01,0.0,0,94,city,BA,20,0,-11.2329,-38.4871
Nova Viçosa,2923001.0,2020-07-01,27,43376.0,True,False,149,343.50793,2020-07-01,0.0201,3,56,city,BA,3,0,-17.8926,-39.3743
Novo Horizonte,2923035.0,2020-07-01,27,12385.0,True,False,0,,2020-07-01,0.0,0,16,city,BA,0,0,-12.8083,-42.1682
Novo Triunfo,2923050.0,2020-07-01,27,15440.0,True,False,20,129.53368,2020-07-01,0.0,0,34,city,BA,7,0,-10.3182,-38.4014
Olindina,2923100.0,2020-07-01,27,28229.0,True,False,17,60.221759999999996,2020-07-01,0.0,0,42,city,BA,3,0,-11.3497,-38.3379
Oliveira dos Brejinhos,2923209.0,2020-07-01,27,21825.0,True,False,41,187.85796000000002,2020-07-01,0.0,0,68,city,BA,0,0,-12.3132,-42.8969
Ouriçangas,2923308.0,2020-07-01,27,8564.0,True,False,10,116.76787,2020-07-01,0.0,0,88,city,BA,1,0,-12.0175,-38.6166
Ourolândia,2923357.0,2020-07-01,27,17451.0,True,False,8,45.84265,2020-07-01,0.0,0,34,city,BA,1,0,-10.9578,-41.0756
Palmas de Monte Alto,2923407.0,2020-07-01,27,21750.0,True,False,18,82.75862,2020-07-01,0.0,0,30,city,BA,0,0,-14.2676,-43.1609
Palmeiras,2923506.0,2020-07-01,27,9019.0,True,False,3,33.26311,2020-07-01,0.0,0,88,city,BA,1,0,-12.5059,-41.5809
Paramirim,2923605.0,2020-07-01,27,21607.0,True,False,6,27.76878,2020-07-01,0.1667,1,78,city,BA,0,0,-13.4388,-42.2395
Paratinga,2923704.0,2020-07-01,27,32000.0,True,False,11,34.375,2020-07-01,0.0,0,44,city,BA,0,0,-12.687000000000001,-43.1798
Paripiranga,2923803.0,2020-07-01,27,28989.0,True,False,23,79.34044,2020-07-01,0.0,0,34,city,BA,1,0,-10.6859,-37.8626
Pau Brasil,2923902.0,2020-07-01,27,9831.0,True,False,30,305.15716000000003,2020-07-01,0.1,3,61,city,BA,0,0,-15.4572,-39.6458
Paulo Afonso,2924009.0,2020-07-01,27,117782.0,True,False,176,149.42861000000002,2020-07-01,0.0398,7,72,city,BA,3,0,-9.3983,-38.2216
Pedro Alexandre,2924207.0,2020-07-01,27,16667.0,True,False,3,17.99964,2020-07-01,0.0,0,34,city,BA,0,0,-10.012,-37.8932
Pedrão,2924108.0,2020-07-01,27,7347.0,True,False,2,27.221999999999998,2020-07-01,0.0,0,33,city,BA,1,0,-12.1491,-38.6487
Piatã,2924306.0,2020-07-01,27,17123.0,True,False,7,40.88069,2020-07-01,0.0,0,48,city,BA,0,0,-13.1465,-41.7702
Pilão Arcado,2924405.0,2020-07-01,27,35048.0,True,False,49,139.80826000000002,2020-07-01,0.0,0,60,city,BA,1,0,-10.0051,-42.4936
Pindaí,2924504.0,2020-07-01,27,16260.0,True,False,17,104.55105,2020-07-01,0.0,0,33,city,BA,0,0,-14.4921,-42.68600000000001
Pindobaçu,2924603.0,2020-07-01,27,20150.0,True,False,21,104.21836,2020-07-01,0.0,0,33,city,BA,0,0,-10.7433,-40.3675
Pintadas,2924652.0,2020-07-01,27,10437.0,True,False,80,766.50378,2020-07-01,0.0,0,37,city,BA,0,0,-11.8117,-39.9009
Piraí do Norte,2924678.0,2020-07-01,27,10023.0,True,False,45,448.96738,2020-07-01,0.0,0,35,city,BA,0,0,-13.759,-39.3836
Piripá,2924702.0,2020-07-01,27,10707.0,True,False,43,401.60643,2020-07-01,0.0,0,88,city,BA,0,0,-14.9444,-41.7168
Piritiba,2924801.0,2020-07-01,27,24755.0,True,False,5,20.19794,2020-07-01,0.0,0,45,city,BA,0,0,-11.73,-40.5587
Planalto,2925006.0,2020-07-01,27,26265.0,True,False,40,152.29393000000002,2020-07-01,0.0,0,27,city,BA,2,0,-14.6654,-40.4718
Pojuca,2925204.0,2020-07-01,27,39519.0,True,False,215,544.04211,2020-07-01,0.0093,2,95,city,BA,16,0,-12.4303,-38.3374
Ponto Novo,2925253.0,2020-07-01,27,14914.0,True,False,21,140.8073,2020-07-01,0.0476,1,48,city,BA,1,0,-10.8653,-40.1311
Porto Seguro,2925303.0,2020-07-01,27,148686.0,True,False,575,386.72101000000004,2020-07-01,0.0035,2,108,city,BA,14,0,-16.4435,-39.0643
Potiraguá,2925402.0,2020-07-01,27,7224.0,True,False,33,456.81063,2020-07-01,0.0,0,54,city,BA,1,0,-15.5943,-39.8638
Poções,2925105.0,2020-07-01,27,46871.0,True,False,186,396.83386,2020-07-01,0.0108,2,34,city,BA,12,0,-14.5234,-40.3634
Prado,2925501.0,2020-07-01,27,28174.0,True,False,116,411.72712,2020-07-01,0.0172,2,107,city,BA,15,0,-17.3364,-39.2227
Presidente Dutra,2925600.0,2020-07-01,27,15142.0,True,False,39,257.56175,2020-07-01,0.0,0,53,city,BA,3,0,-11.2923,-41.9843
Presidente Jânio Quadros,2925709.0,2020-07-01,27,12338.0,True,False,2,16.210079999999998,2020-07-01,0.0,0,48,city,BA,1,0,-14.6885,-41.6798
Presidente Tancredo Neves,2925758.0,2020-07-01,27,27719.0,True,False,91,328.29467,2020-07-01,0.0,0,53,city,BA,11,0,-13.4471,-39.4203
Pé de Serra,2924058.0,2020-07-01,27,13578.0,True,False,22,162.02681,2020-07-01,0.0,0,28,city,BA,4,0,-11.8313,-39.611
Queimadas,2925808.0,2020-07-01,27,25439.0,True,False,58,227.99638,2020-07-01,0.0,0,49,city,BA,8,0,-10.9736,-39.6293
Quijingue,2925907.0,2020-07-01,27,27580.0,True,False,18,65.26468,2020-07-01,0.0556,1,25,city,BA,0,0,-10.7505,-39.2137
Quixabeira,2925931.0,2020-07-01,27,8972.0,True,False,11,122.60366,2020-07-01,0.0,0,51,city,BA,2,0,-11.4031,-40.12
Rafael Jambeiro,2925956.0,2020-07-01,27,22621.0,True,False,64,282.92295,2020-07-01,0.0,0,61,city,BA,7,0,-12.4053,-39.5007
Remanso,2926004.0,2020-07-01,27,41008.0,True,False,31,75.59501,2020-07-01,0.0323,1,59,city,BA,0,0,-9.619439999999999,-42.0848
Retirolândia,2926103.0,2020-07-01,27,14396.0,True,False,56,388.99694,2020-07-01,0.0,0,60,city,BA,2,0,-11.4832,-39.4234
Riacho de Santana,2926400.0,2020-07-01,27,35421.0,True,False,26,73.40278,2020-07-01,0.0,0,41,city,BA,1,0,-13.6059,-42.9397
Riachão das Neves,2926202.0,2020-07-01,27,22339.0,True,False,50,223.82381,2020-07-01,0.0,0,37,city,BA,1,0,-11.7508,-44.9143
Riachão do Jacuípe,2926301.0,2020-07-01,27,33436.0,True,False,65,194.40124,2020-07-01,0.0308,2,44,city,BA,4,0,-11.8067,-39.3818
Ribeira do Amparo,2926509.0,2020-07-01,27,14592.0,True,False,17,116.50218999999998,2020-07-01,0.0,0,40,city,BA,0,0,-11.0421,-38.4242
Ribeira do Pombal,2926608.0,2020-07-01,27,53807.0,True,False,118,219.30232,2020-07-01,0.0085,1,74,city,BA,20,0,-10.8373,-38.5382
Ribeirão do Largo,2926657.0,2020-07-01,27,5812.0,True,False,4,68.82311999999999,2020-07-01,0.0,0,30,city,BA,0,0,-15.4508,-40.7441
Rio Real,2927002.0,2020-07-01,27,40732.0,True,False,55,135.02897,2020-07-01,0.0,0,71,city,BA,4,0,-11.4814,-37.9332
Rio do Antônio,2926806.0,2020-07-01,27,15371.0,True,False,4,26.02303,2020-07-01,0.0,0,36,city,BA,0,0,-14.4071,-42.0721
Rio do Pires,2926905.0,2020-07-01,27,11655.0,True,False,6,51.48005,2020-07-01,0.1667,1,83,city,BA,0,0,-13.1185,-42.2902
Rodelas,2927101.0,2020-07-01,27,9331.0,True,False,8,85.73572,2020-07-01,0.0,0,51,city,BA,0,0,-8.85021,-38.78
Ruy Barbosa,2927200.0,2020-07-01,27,30814.0,True,False,87,282.3392,2020-07-01,0.0115,1,50,city,BA,4,0,-12.2816,-40.4931
Salinas da Margarida,2927309.0,2020-07-01,27,15667.0,True,False,13,82.97695999999999,2020-07-01,0.0769,1,36,city,BA,0,0,-12.873,-38.7562
Salvador,2927408.0,2020-07-01,27,2872347.0,True,False,34613,1205.04243,2020-07-01,0.0344,1189,111,city,BA,1108,26,-12.9718,-38.5011
Santa Brígida,2927606.0,2020-07-01,27,14213.0,True,False,14,98.50137,2020-07-01,0.0,0,39,city,BA,0,0,-9.73227,-38.1209
Santa Bárbara,2927507.0,2020-07-01,27,20791.0,True,False,134,644.50964,2020-07-01,0.0,0,65,city,BA,3,0,-11.9515,-38.9681
Santa Cruz Cabrália,2927705.0,2020-07-01,27,27778.0,True,False,113,406.79675,2020-07-01,0.0088,1,91,city,BA,0,0,-16.2825,-39.0295
Santa Cruz da Vitória,2927804.0,2020-07-01,27,6315.0,True,False,11,174.18843999999999,2020-07-01,0.0909,1,32,city,BA,0,0,-14.964,-39.8115
Santa Inês,2927903.0,2020-07-01,27,10631.0,True,False,8,75.25161999999999,2020-07-01,0.125,1,37,city,BA,0,0,-13.2793,-39.814
Santa Luzia,2928059.0,2020-07-01,27,12597.0,True,False,28,222.27514,2020-07-01,0.0,0,84,city,BA,8,0,-15.4342,-39.3287
Santa Maria da Vitória,2928109.0,2020-07-01,27,39845.0,True,False,1,2.50973,2020-07-01,0.0,0,88,city,BA,0,0,-13.3859,-44.2011
Santa Rita de Cássia,2928406.0,2020-07-01,27,28338.0,True,False,12,42.34597,2020-07-01,0.0833,1,34,city,BA,0,0,-11.0063,-44.5255
Santa Teresinha,2928505.0,2020-07-01,27,10405.0,True,False,22,211.43681,2020-07-01,0.0455,1,79,city,BA,0,0,-12.7697,-39.5215
Santaluz,2928000.0,2020-07-01,27,37348.0,True,False,69,184.74885,2020-07-01,0.0145,1,66,city,BA,0,0,-11.2508,-39.375
Santana,2928208.0,2020-07-01,27,26614.0,True,False,0,,2020-07-01,0.0,0,5,city,BA,0,0,-12.9792,-44.0506
Santanópolis,2928307.0,2020-07-01,27,8943.0,True,False,24,268.36632000000003,2020-07-01,0.0,0,55,city,BA,0,0,-12.0311,-38.8694
Santo Amaro,2928604.0,2020-07-01,27,60069.0,True,False,196,326.29143,2020-07-01,0.0153,3,64,city,BA,2,0,-12.5472,-38.7137
Santo Antônio de Jesus,2928703.0,2020-07-01,27,101512.0,True,False,434,427.53565999999995,2020-07-01,0.0161,7,61,city,BA,24,0,-12.9614,-39.2584
Santo Estêvão,2928802.0,2020-07-01,27,52850.0,True,False,43,81.36235,2020-07-01,0.0233,1,54,city,BA,4,0,-12.427999999999999,-39.2505
Sapeaçu,2929602.0,2020-07-01,27,17398.0,True,False,32,183.92918999999998,2020-07-01,0.0,0,40,city,BA,7,0,-12.7208,-39.1824
Saubara,2929750.0,2020-07-01,27,12043.0,True,False,35,290.62526,2020-07-01,0.0571,2,61,city,BA,0,0,-12.7387,-38.7625
Saúde,2929800.0,2020-07-01,27,12913.0,True,False,0,,2020-07-01,0.0,0,48,city,BA,0,0,-10.9428,-40.4155
Seabra,2929909.0,2020-07-01,27,44091.0,True,False,24,54.432880000000004,2020-07-01,0.0417,1,65,city,BA,0,0,-12.4169,-41.7722
Senhor do Bonfim,2930105.0,2020-07-01,27,79015.0,True,False,147,186.04063,2020-07-01,0.0068,1,51,city,BA,6,0,-10.4594,-40.1865
Sento Sé,2930204.0,2020-07-01,27,40684.0,True,False,25,61.44922,2020-07-01,0.0,0,48,city,BA,0,0,-9.74138,-41.8786
Serra Dourada,2930303.0,2020-07-01,27,17386.0,True,False,0,,2020-07-01,0.0,0,30,city,BA,0,0,-12.759,-43.9504
Serra Preta,2930402.0,2020-07-01,27,14878.0,True,False,20,134.42667,2020-07-01,0.0,0,71,city,BA,0,0,-12.155999999999999,-39.3305
Serra do Ramalho,2930154.0,2020-07-01,27,31472.0,True,False,8,25.419420000000002,2020-07-01,0.0,0,81,city,BA,0,0,-13.5659,-43.5929
Serrinha,2930501.0,2020-07-01,27,80861.0,True,False,268,331.43295,2020-07-01,0.0112,3,85,city,BA,38,0,-11.6584,-39.01
Serrolândia,2930600.0,2020-07-01,27,13397.0,True,False,24,179.14458,2020-07-01,0.0,0,56,city,BA,2,0,-11.4085,-40.2983
Simões Filho,2930709.0,2020-07-01,27,134377.0,True,False,914,680.17592,2020-07-01,0.0295,27,89,city,BA,24,0,-12.7866,-38.4029
Sobradinho,2930774.0,2020-07-01,27,23191.0,True,False,149,642.49062,2020-07-01,0.0604,9,49,city,BA,3,0,-9.450239999999999,-40.8145
Souto Soares,2930808.0,2020-07-01,27,16979.0,True,False,5,29.448140000000002,2020-07-01,0.0,0,38,city,BA,1,0,-12.088,-41.6427
Sátiro Dias,2929701.0,2020-07-01,27,17273.0,True,False,21,121.57703000000001,2020-07-01,0.0,0,69,city,BA,2,0,-11.5929,-38.5938
São Desidério,2928901.0,2020-07-01,27,33742.0,True,False,63,186.71092,2020-07-01,0.0,0,49,city,BA,3,0,-12.3572,-44.9769
São Domingos,2928950.0,2020-07-01,27,9058.0,True,False,6,66.23979,2020-07-01,0.0,0,99,city,BA,0,0,-11.4649,-39.5268
São Felipe,2929107.0,2020-07-01,27,21074.0,True,False,22,104.39404,2020-07-01,0.0,0,65,city,BA,0,0,-12.8394,-39.0893
São Francisco do Conde,2929206.0,2020-07-01,27,39802.0,True,False,236,592.93503,2020-07-01,0.0169,4,87,city,BA,9,0,-12.6183,-38.6786
São Félix,2929008.0,2020-07-01,27,14740.0,True,False,24,162.82225,2020-07-01,0.0,0,35,city,BA,2,0,-12.6104,-38.9727
São Félix do Coribe,2929057.0,2020-07-01,27,15391.0,True,False,2,12.99461,2020-07-01,0.0,0,5,city,BA,0,0,-13.4019,-44.1837
São Gabriel,2929255.0,2020-07-01,27,18793.0,True,False,4,21.28452,2020-07-01,0.0,0,27,city,BA,0,0,-11.2175,-41.8843
São Gonçalo dos Campos,2929305.0,2020-07-01,27,37550.0,True,False,128,340.87883,2020-07-01,0.0156,2,61,city,BA,18,0,-12.4331,-38.9663
São José da Vitória,2929354.0,2020-07-01,27,5657.0,True,False,64,1131.3417,2020-07-01,0.0156,1,70,city,BA,1,0,-15.0787,-39.3437
São José do Jacuípe,2929370.0,2020-07-01,27,10462.0,True,False,4,38.23361,2020-07-01,0.25,1,34,city,BA,0,0,-11.4137,-39.8669
São Miguel das Matas,2929404.0,2020-07-01,27,11675.0,True,False,3,25.69593,2020-07-01,0.0,0,23,city,BA,0,0,-13.0434,-39.4578
São Sebastião do Passé,2929503.0,2020-07-01,27,44300.0,True,False,198,446.9526,2020-07-01,0.0202,4,58,city,BA,19,0,-12.5123,-38.4905
Sítio do Quinto,2930766.0,2020-07-01,27,9986.0,True,False,28,280.39255,2020-07-01,0.0,0,29,city,BA,4,0,-10.3545,-38.2213
Tabocas do Brejo Velho,2930907.0,2020-07-01,27,12518.0,True,False,5,39.942479999999996,2020-07-01,0.0,0,42,city,BA,-2,0,-12.7026,-44.0075
Tanhaçu,2931004.0,2020-07-01,27,20403.0,True,False,0,,2020-07-01,0.0,0,34,city,BA,0,0,-14.0197,-41.2473
Tanque Novo,2931053.0,2020-07-01,27,17366.0,True,False,0,,2020-07-01,0.0,0,27,city,BA,0,0,-13.5485,-42.4934
Tanquinho,2931103.0,2020-07-01,27,7918.0,True,False,29,366.2541,2020-07-01,0.0345,1,34,city,BA,0,0,-11.968,-39.1033
Taperoá,2931202.0,2020-07-01,27,21074.0,True,False,46,218.27845,2020-07-01,0.0,0,78,city,BA,9,0,-13.5321,-39.1009
Tapiramutá,2931301.0,2020-07-01,27,17010.0,True,False,3,17.63668,2020-07-01,0.0,0,7,city,BA,0,0,-11.8475,-40.7927
Teixeira de Freitas,2931350.0,2020-07-01,27,160487.0,True,False,1315,819.38101,2020-07-01,0.0137,18,100,city,BA,43,2,-17.5399,-39.74
Teodoro Sampaio,2931400.0,2020-07-01,27,7425.0,True,False,15,202.0202,2020-07-01,0.0,0,22,city,BA,2,0,-12.295,-38.6347
Teofilândia,2931509.0,2020-07-01,27,22518.0,True,False,145,643.9293,2020-07-01,0.0,0,49,city,BA,1,0,-11.4827,-38.9913
Teolândia,2931608.0,2020-07-01,27,14943.0,True,False,56,374.75741,2020-07-01,0.0,0,27,city,BA,4,0,-13.5896,-39.484
Terra Nova,2931707.0,2020-07-01,27,13033.0,True,False,65,498.73398,2020-07-01,0.0154,1,37,city,BA,1,0,-12.3888,-38.6238
Tremedal,2931806.0,2020-07-01,27,16394.0,True,False,3,18.29938,2020-07-01,0.0,0,27,city,BA,0,0,-14.9736,-41.4142
Tucano,2931905.0,2020-07-01,27,50687.0,True,False,30,59.186769999999996,2020-07-01,0.0333,1,57,city,BA,3,0,-10.9584,-38.7894
Uauá,2932002.0,2020-07-01,27,24240.0,True,False,24,99.0099,2020-07-01,0.0,0,34,city,BA,3,0,-9.83325,-39.4794
Ubaitaba,2932200.0,2020-07-01,27,19056.0,True,False,93,488.03525999999994,2020-07-01,0.0215,2,67,city,BA,4,0,-14.302999999999999,-39.3222
Ubatã,2932309.0,2020-07-01,27,27035.0,True,False,91,336.6007,2020-07-01,0.022000000000000002,2,84,city,BA,0,0,-14.2063,-39.5207
Ubaíra,2932101.0,2020-07-01,27,19895.0,True,False,5,25.13194,2020-07-01,0.0,0,42,city,BA,0,0,-13.2714,-39.666
Uibaí,2932408.0,2020-07-01,27,13887.0,True,False,4,28.80392,2020-07-01,0.0,0,27,city,BA,0,0,-11.3394,-42.1354
Umburanas,2932457.0,2020-07-01,27,19222.0,True,False,83,431.7969,2020-07-01,0.0,0,54,city,BA,4,0,-10.7339,-41.3234
Una,2932507.0,2020-07-01,27,19002.0,True,False,32,168.40333,2020-07-01,0.0,0,79,city,BA,9,0,-15.2791,-39.0765
Urandi,2932606.0,2020-07-01,27,16658.0,True,False,125,750.3902,2020-07-01,0.016,2,45,city,BA,1,0,-14.7678,-42.6498
Uruçuca,2932705.0,2020-07-01,27,20519.0,True,False,281,1369.46245,2020-07-01,0.0498,14,89,city,BA,20,0,-14.5963,-39.2851
Utinga,2932804.0,2020-07-01,27,19178.0,True,False,6,31.28585,2020-07-01,0.1667,1,90,city,BA,3,0,-12.0783,-41.0954
Valente,2933000.0,2020-07-01,27,28473.0,True,False,217,762.12552,2020-07-01,0.0138,3,78,city,BA,40,0,-11.4062,-39.457
Valença,2932903.0,2020-07-01,27,96562.0,True,False,547,566.47543,2020-07-01,0.0293,16,76,city,BA,8,0,-13.3669,-39.073
Varzedo,2933174.0,2020-07-01,27,8838.0,True,False,4,45.25911,2020-07-01,0.5,2,41,city,BA,0,0,-12.9672,-39.3919
Vera Cruz,2933208.0,2020-07-01,27,43223.0,True,False,104,240.61264,2020-07-01,0.0288,3,82,city,BA,4,0,-12.9568,-38.6153
Vereda,2933257.0,2020-07-01,27,6205.0,True,False,30,483.48105999999996,2020-07-01,0.0333,1,49,city,BA,0,0,-17.2183,-40.0974
Vitória da Conquista,2933307.0,2020-07-01,27,338480.0,True,False,794,234.57811,2020-07-01,0.0202,16,92,city,BA,77,1,-14.8615,-40.8442
Várzea Nova,2933158.0,2020-07-01,27,12697.0,True,False,17,133.8899,2020-07-01,0.0,0,62,city,BA,2,0,-11.2557,-40.9432
Várzea da Roça,2933059.0,2020-07-01,27,14104.0,True,False,4,28.36075,2020-07-01,0.25,1,49,city,BA,0,0,-11.6005,-40.1328
Wagner,2933406.0,2020-07-01,27,9345.0,True,False,1,10.70091,2020-07-01,0.0,0,2,city,BA,0,0,-12.2819,-41.1715
Wanderley,2933455.0,2020-07-01,27,12238.0,True,False,1,8.17127,2020-07-01,0.0,0,30,city,BA,0,0,-12.1144,-43.8958
Wenceslau Guimarães,2933505.0,2020-07-01,27,21101.0,True,False,133,630.30188,2020-07-01,0.015,2,43,city,BA,10,0,-13.6908,-39.4762
Xique-Xique,2933604.0,2020-07-01,27,46483.0,True,False,38,81.75032,2020-07-01,0.0,0,41,city,BA,1,0,-10.823,-42.7245
Água Fria,2900405.0,2020-07-01,27,16970.0,True,False,31,182.67531,2020-07-01,0.0323,1,72,city,BA,0,0,-11.8618,-38.7639
Érico Cardoso,2900504.0,2020-07-01,27,10610.0,True,False,0,,2020-07-01,0.0,0,22,city,BA,0,0,-13.4215,-42.1352
,29.0,2020-07-02,27,14873064.0,True,False,79349,533.50809,2020-07-02,0.0245,1947,119,state,BA,2864,45,,
